login;password
CondaAnna@sio.jjr.fr,8gjxK-k
GrammeAnna@sio.jjr.fr,8gjxK-k
ShowArty@sio.jjr.fr,8gjxK-k
BoréalAurore@sio.jjr.fr,8gjxK-k
SonjoliAxelle@sio.jjr.fr,8gjxK-k
OhazarBalthazar@sio.jjr.fr,8gjxK-k
de KochBasile@sio.jjr.fr,8gjxK-k
PacherBonaparte@sio.jjr.fr,8gjxK-k
GlaceBrice@sio.jjr.fr,8gjxK-k
NulpartCarmen@sio.jjr.fr,8gjxK-k
TrophobClaus@sio.jjr.fr,8gjxK-k
MoletteCléa@sio.jjr.fr,8gjxK-k
SilCody@sio.jjr.fr,8gjxK-k
RondiDeborah@sio.jjr.fr,8gjxK-k
ÉpiFany@sio.jjr.fr,8gjxK-k
PassyFlore@sio.jjr.fr,8gjxK-k
CitonGarry@sio.jjr.fr,8gjxK-k
MerGérard@sio.jjr.fr,8gjxK-k
MonlatinGilbert@sio.jjr.fr,8gjxK-k
de MichelinGuy@sio.jjr.fr,8gjxK-k
NessGuy@sio.jjr.fr,8gjxK-k
DehunHélène@sio.jjr.fr,8gjxK-k
SaravIgor@sio.jjr.fr,8gjxK-k
LepoissonIvanhoé@sio.jjr.fr,8gjxK-k
TretouJean-Régis@sio.jjr.fr,8gjxK-k
CalvaJustin@sio.jjr.fr,8gjxK-k
PageMarc@sio.jjr.fr,8gjxK-k
TimMarie@sio.jjr.fr,8gjxK-k
CambronneMaude@sio.jjr.fr,8gjxK-k
EnrouteMélodie@sio.jjr.fr,8gjxK-k
ArchiSue@sio.jjr.fr,8gjxK-k
IncoufinPat@sio.jjr.fr,8gjxK-k
